{
    "ordering": [
        [
            "A1"
        ]
    ],
    "brand": {
        "brand": "Thermo Scientific",
        "brandId": [
            "1200-1301"
        ]
    },
    "metadata": {
        "displayName": "Thermo Scientific 1 Reservoir 345000 µL",
        "displayCategory": "reservoir",
        "displayVolumeUnits": "µL",
        "tags": []
    },
    "dimensions": {
        "xDimension": 127.8,
        "yDimension": 85.5,
        "zDimension": 39.9
    },
    "wells": {
        "A1": {
            "depth": 36.6,
            "totalLiquidVolume": 345000,
            "shape": "rectangular",
            "xDimension": 121,
            "yDimension": 84,
            "x": 63.9,
            "y": 42.75,
            "z": 3.3
        }
    },
    "groups": [
        {
            "metadata": {
                "wellBottomShape": "flat"
            },
            "wells": [
                "A1"
            ]
        }
    ],
    "parameters": {
        "format": "irregular",
        "quirks": [
            "centerMultichannelOnWells",
            "touchTipDisabled"
        ],
        "isTiprack": false,
        "isMagneticModuleCompatible": false,
        "loadName": "thermoscientific_1_reservoir_345000ul"
    },
    "namespace": "custom_beta",
    "version": 1,
    "schemaVersion": 2,
    "cornerOffsetFromSlot": {
        "x": 0,
        "y": 0,
        "z": 0
    }
}